Feedback ID,Customer Name,Product,Rating,Feedback Text,Date of Feedback
FB1782,David Lee,Headphones,2,Disappointed. The product arrived damaged.,2025-06-25 06:23:05
FB2178,James Taylor,Printer,5,"Perfect for my needs, exactly what I was looking for.",2025-03-03 06:23:05
FB9986,James Taylor,Camera,5,"Perfect for my needs, exactly what I was looking for.",2024-12-19 06:23:05
FB8081,Sophia Adams,Tablet,3,"The quality could be better, but it's decent for the price.",2025-07-27 06:23:05
FB2281,Mark Johnson,Laptop,5,Not satisfied with the product. Would not recommend.,2025-03-10 06:23:05
FB3263,Sarah Wilson,Laptop,4,"The product broke within a few weeks, not durable.",2024-09-09 06:23:05
FB2422,David Lee,Mouse,3,"The quality could be better, but it's decent for the price.",2025-02-21 06:23:05
FB8270,Mark Johnson,Smartwatch,5,"The product broke within a few weeks, not durable.",2025-06-29 06:23:05
FB4080,Sophia Adams,Printer,3,Disappointed. The product arrived damaged.,2025-04-21 06:23:05
FB4799,Sarah Wilson,Camera,2,"The quality could be better, but it's decent for the price.",2025-07-23 06:23:05
FB3103,David Lee,Laptop,5,"It works fine, but there are better options available.",2025-01-13 06:23:05
FB6287,Michael Brown,Laptop,1,"Good product, but the delivery was late.",2025-07-06 06:23:05
FB1882,Emily Davis,Camera,4,"The quality could be better, but it's decent for the price.",2025-02-24 06:23:05
FB7516,James Taylor,Keyboard,4,"Excellent product, really happy with the purchase!",2025-01-29 06:23:05
FB2316,Sarah Wilson,Headphones,1,"The quality could be better, but it's decent for the price.",2024-09-07 06:23:05
FB3277,Jane Smith,Monitor,3,"Good product, but the delivery was late.",2024-11-20 06:23:05
FB8760,Sophia Adams,Tablet,3,Disappointed. The product arrived damaged.,2025-01-14 06:23:05
FB9092,Sarah Wilson,Mouse,3,"It works fine, but there are better options available.",2024-10-17 06:23:05
FB3044,David Lee,Tablet,2,"The product broke within a few weeks, not durable.",2025-08-03 06:23:05
FB1603,Jane Smith,Mouse,1,"Excellent product, really happy with the purchase!",2025-08-18 06:23:05
FB1032,Mark Johnson,Tablet,3,"Perfect for my needs, exactly what I was looking for.",2024-08-23 06:23:05
FB7106,James Taylor,Printer,5,"Good product, but the delivery was late.",2025-07-20 06:23:05
FB2582,Sophia Adams,Laptop,4,Disappointed. The product arrived damaged.,2024-09-03 06:23:05
FB2329,Michael Brown,Tablet,1,"Perfect for my needs, exactly what I was looking for.",2025-05-19 06:23:05
FB1549,Mark Johnson,Keyboard,2,"Perfect for my needs, exactly what I was looking for.",2025-02-04 06:23:05
FB7924,Jane Smith,Laptop,1,"Great customer service, the product exceeded expectations.",2024-10-19 06:23:05
FB5879,Emily Davis,Camera,5,"Perfect for my needs, exactly what I was looking for.",2025-08-09 06:23:05
FB2368,Emily Davis,Headphones,4,"Great value for money, very reliable.",2025-03-18 06:23:05
FB6037,Mark Johnson,Headphones,5,"Excellent product, really happy with the purchase!",2024-11-25 06:23:05
FB2287,David Lee,Tablet,2,"The product broke within a few weeks, not durable.",2025-05-09 06:23:05
FB3720,Sarah Wilson,Laptop,4,"Excellent product, really happy with the purchase!",2024-10-24 06:23:05
FB2883,James Taylor,Mouse,2,Not satisfied with the product. Would not recommend.,2025-03-08 06:23:05
FB5823,Laura Clark,Camera,2,Disappointed. The product arrived damaged.,2025-05-30 06:23:05
FB9710,James Taylor,Smartwatch,1,"It works fine, but there are better options available.",2024-10-07 06:23:05
FB6457,John Doe,Tablet,1,"Perfect for my needs, exactly what I was looking for.",2024-10-14 06:23:05
FB8418,Emily Davis,Printer,1,"Good product, but the delivery was late.",2025-01-15 06:23:05
FB8236,Michael Brown,Tablet,2,"Great customer service, the product exceeded expectations.",2025-03-12 06:23:05
FB6407,Sophia Adams,Camera,2,Disappointed. The product arrived damaged.,2025-01-03 06:23:05
FB7942,John Doe,Tablet,4,Disappointed. The product arrived damaged.,2024-12-07 06:23:05
FB7296,Sophia Adams,Camera,2,"Excellent product, really happy with the purchase!",2025-05-10 06:23:05
FB9844,James Taylor,Smartphone,3,Not satisfied with the product. Would not recommend.,2025-04-13 06:23:05
FB1712,Emily Davis,Laptop,3,Not satisfied with the product. Would not recommend.,2024-12-02 06:23:05
FB1411,James Taylor,Smartwatch,1,Not satisfied with the product. Would not recommend.,2024-11-21 06:23:05
FB7532,David Lee,Smartwatch,1,Not satisfied with the product. Would not recommend.,2025-03-16 06:23:05
FB2115,Mark Johnson,Printer,5,"It works fine, but there are better options available.",2025-08-01 06:23:05
FB8962,Sophia Adams,Keyboard,4,"Perfect for my needs, exactly what I was looking for.",2025-03-16 06:23:05
FB4448,Sophia Adams,Smartwatch,3,"Great customer service, the product exceeded expectations.",2024-10-08 06:23:05
FB6140,Sophia Adams,Monitor,2,Disappointed. The product arrived damaged.,2025-02-24 06:23:05
FB4941,Jane Smith,Smartwatch,5,"The quality could be better, but it's decent for the price.",2025-02-27 06:23:05
FB3476,Emily Davis,Laptop,3,"Great customer service, the product exceeded expectations.",2024-09-30 06:23:05
FB5798,David Lee,Headphones,1,"The quality could be better, but it's decent for the price.",2025-01-11 06:23:05
FB1717,David Lee,Monitor,5,"The product broke within a few weeks, not durable.",2024-12-18 06:23:05
FB6700,John Doe,Smartphone,4,"Excellent product, really happy with the purchase!",2025-08-14 06:23:05
FB4071,Laura Clark,Keyboard,1,Disappointed. The product arrived damaged.,2024-12-27 06:23:05
FB8796,John Doe,Laptop,2,"The product broke within a few weeks, not durable.",2025-01-08 06:23:05
FB2391,Emily Davis,Laptop,5,"The product broke within a few weeks, not durable.",2025-08-07 06:23:05
FB4286,David Lee,Keyboard,2,"Great customer service, the product exceeded expectations.",2024-09-27 06:23:05
FB9399,James Taylor,Smartphone,1,"The product broke within a few weeks, not durable.",2024-12-24 06:23:05
FB6763,Sarah Wilson,Tablet,3,"Excellent product, really happy with the purchase!",2025-01-11 06:23:05
FB6783,John Doe,Smartwatch,4,Not satisfied with the product. Would not recommend.,2025-05-10 06:23:05
FB8940,Laura Clark,Smartphone,2,"The product broke within a few weeks, not durable.",2025-04-24 06:23:05
FB7852,Jane Smith,Smartwatch,4,"Excellent product, really happy with the purchase!",2025-04-15 06:23:05
FB4282,Jane Smith,Smartphone,5,"The product broke within a few weeks, not durable.",2025-01-06 06:23:05
FB8712,James Taylor,Monitor,2,"Perfect for my needs, exactly what I was looking for.",2025-01-22 06:23:05
FB3652,David Lee,Smartwatch,3,Disappointed. The product arrived damaged.,2025-07-16 06:23:05
FB2429,Jane Smith,Tablet,2,"Great customer service, the product exceeded expectations.",2025-07-10 06:23:05
FB6376,Emily Davis,Laptop,4,"The product broke within a few weeks, not durable.",2025-07-27 06:23:05
FB4591,Laura Clark,Printer,4,"Great customer service, the product exceeded expectations.",2025-02-02 06:23:05
FB4553,David Lee,Printer,1,"The product broke within a few weeks, not durable.",2025-07-20 06:23:05
FB3534,Emily Davis,Monitor,2,"Great value for money, very reliable.",2025-06-17 06:23:05
FB5280,David Lee,Mouse,5,"Excellent product, really happy with the purchase!",2025-06-17 06:23:05
FB1730,Mark Johnson,Mouse,3,"Good product, but the delivery was late.",2025-04-23 06:23:05
FB8296,David Lee,Mouse,5,"It works fine, but there are better options available.",2025-06-26 06:23:05
FB2828,Sarah Wilson,Laptop,3,"It works fine, but there are better options available.",2025-02-20 06:23:05
FB4590,James Taylor,Monitor,1,"The product broke within a few weeks, not durable.",2024-08-27 06:23:05
FB9536,Sarah Wilson,Camera,1,Not satisfied with the product. Would not recommend.,2025-02-06 06:23:05
FB9511,Emily Davis,Monitor,3,Not satisfied with the product. Would not recommend.,2025-01-20 06:23:05
FB5986,David Lee,Camera,4,"Great value for money, very reliable.",2025-07-17 06:23:05
FB5271,Laura Clark,Printer,4,"Excellent product, really happy with the purchase!",2024-12-31 06:23:05
FB5359,Jane Smith,Mouse,4,"Excellent product, really happy with the purchase!",2025-03-11 06:23:05
FB9743,Sophia Adams,Smartwatch,1,"Great customer service, the product exceeded expectations.",2025-06-09 06:23:05
FB3222,Jane Smith,Headphones,2,"The product broke within a few weeks, not durable.",2025-03-11 06:23:05
FB3102,Jane Smith,Mouse,5,"The quality could be better, but it's decent for the price.",2025-07-04 06:23:05
FB3210,Sarah Wilson,Printer,5,"Perfect for my needs, exactly what I was looking for.",2024-10-10 06:23:05
FB2650,James Taylor,Laptop,3,Not satisfied with the product. Would not recommend.,2025-06-12 06:23:05
FB1652,David Lee,Laptop,3,"Great value for money, very reliable.",2024-08-18 06:23:05
FB9572,Emily Davis,Smartwatch,3,"Perfect for my needs, exactly what I was looking for.",2025-03-27 06:23:05
FB9623,Jane Smith,Laptop,4,"Great value for money, very reliable.",2025-05-28 06:23:05
FB5779,Mark Johnson,Headphones,5,"Great value for money, very reliable.",2025-05-11 06:23:05
FB9142,Michael Brown,Laptop,4,"It works fine, but there are better options available.",2025-07-21 06:23:05
FB7117,Sophia Adams,Mouse,1,Disappointed. The product arrived damaged.,2025-04-24 06:23:05
FB1084,Emily Davis,Smartphone,2,Disappointed. The product arrived damaged.,2024-12-07 06:23:05
FB6600,David Lee,Mouse,5,"Perfect for my needs, exactly what I was looking for.",2024-10-07 06:23:05
FB1769,Sophia Adams,Mouse,2,"The product broke within a few weeks, not durable.",2024-09-15 06:23:05
FB2797,Sophia Adams,Mouse,1,"Perfect for my needs, exactly what I was looking for.",2025-02-05 06:23:05
FB8293,John Doe,Mouse,4,"The product broke within a few weeks, not durable.",2024-09-27 06:23:05
FB5697,Mark Johnson,Keyboard,5,"The quality could be better, but it's decent for the price.",2024-08-29 06:23:05
FB6280,Michael Brown,Laptop,4,"Perfect for my needs, exactly what I was looking for.",2025-06-04 06:23:05
FB6739,Jane Smith,Headphones,2,"It works fine, but there are better options available.",2025-04-05 06:23:05
FB8370,Emily Davis,Smartwatch,2,"Great value for money, very reliable.",2024-09-14 06:23:05
FB3319,Emily Davis,Mouse,1,"The quality could be better, but it's decent for the price.",2024-12-07 06:23:05
FB4572,Sarah Wilson,Monitor,2,"Great customer service, the product exceeded expectations.",2025-03-23 06:23:05
FB2919,Sarah Wilson,Printer,3,"Great value for money, very reliable.",2025-08-04 06:23:05
FB8996,Laura Clark,Laptop,4,"Great value for money, very reliable.",2024-08-31 06:23:05
FB7673,Jane Smith,Headphones,3,"Good product, but the delivery was late.",2025-05-24 06:23:05
FB9575,Laura Clark,Camera,4,"Perfect for my needs, exactly what I was looking for.",2025-08-09 06:23:05
FB3644,Jane Smith,Headphones,2,"Perfect for my needs, exactly what I was looking for.",2025-04-03 06:23:05
FB1028,James Taylor,Smartwatch,5,"Great customer service, the product exceeded expectations.",2025-08-06 06:23:05
FB9613,Emily Davis,Printer,5,Disappointed. The product arrived damaged.,2024-08-31 06:23:05
FB6269,James Taylor,Headphones,3,"Great value for money, very reliable.",2025-05-30 06:23:05
FB7097,Sarah Wilson,Printer,1,"Good product, but the delivery was late.",2025-02-16 06:23:05
FB7426,Sophia Adams,Laptop,5,"The quality could be better, but it's decent for the price.",2025-05-13 06:23:05
FB1761,Mark Johnson,Monitor,2,Disappointed. The product arrived damaged.,2024-12-18 06:23:05
FB8112,David Lee,Laptop,4,"Great value for money, very reliable.",2025-07-15 06:23:05
FB6624,Sophia Adams,Printer,3,"The quality could be better, but it's decent for the price.",2024-11-25 06:23:05
FB2077,Sophia Adams,Mouse,5,Disappointed. The product arrived damaged.,2024-10-06 06:23:05
FB8696,Sarah Wilson,Monitor,4,Not satisfied with the product. Would not recommend.,2025-01-30 06:23:05
FB2682,Sophia Adams,Mouse,5,"Great customer service, the product exceeded expectations.",2025-02-01 06:23:05
FB9537,David Lee,Keyboard,2,"Great customer service, the product exceeded expectations.",2025-03-04 06:23:05
FB1346,Michael Brown,Monitor,2,"Great value for money, very reliable.",2024-12-20 06:23:05
FB3725,Mark Johnson,Printer,1,"Perfect for my needs, exactly what I was looking for.",2024-11-07 06:23:05
FB8471,James Taylor,Camera,3,"The product broke within a few weeks, not durable.",2024-11-05 06:23:05
FB7523,Jane Smith,Smartwatch,4,"Great customer service, the product exceeded expectations.",2024-12-11 06:23:05
FB7445,Sarah Wilson,Camera,3,"Perfect for my needs, exactly what I was looking for.",2025-04-18 06:23:05
FB9350,Laura Clark,Keyboard,5,"Great value for money, very reliable.",2025-02-04 06:23:05
FB4217,David Lee,Camera,3,Disappointed. The product arrived damaged.,2025-01-12 06:23:05
FB7060,Emily Davis,Mouse,3,"Good product, but the delivery was late.",2025-05-13 06:23:05
FB3286,Michael Brown,Monitor,1,Not satisfied with the product. Would not recommend.,2025-02-19 06:23:05
FB8943,Emily Davis,Smartphone,5,"Great value for money, very reliable.",2024-11-01 06:23:05
FB3690,Sophia Adams,Headphones,5,"Great value for money, very reliable.",2025-01-25 06:23:05
FB3684,Laura Clark,Laptop,3,Not satisfied with the product. Would not recommend.,2025-02-01 06:23:05
FB3174,John Doe,Printer,2,"It works fine, but there are better options available.",2024-08-29 06:23:05
FB7780,John Doe,Laptop,4,"Good product, but the delivery was late.",2024-10-14 06:23:05
FB9013,James Taylor,Monitor,2,"It works fine, but there are better options available.",2024-12-09 06:23:05
FB1532,David Lee,Camera,5,Not satisfied with the product. Would not recommend.,2025-01-29 06:23:05
FB4043,Sarah Wilson,Smartwatch,2,"The quality could be better, but it's decent for the price.",2024-10-18 06:23:05
FB7486,David Lee,Mouse,4,"The quality could be better, but it's decent for the price.",2024-12-17 06:23:05
FB5882,James Taylor,Laptop,1,"Good product, but the delivery was late.",2025-03-27 06:23:05
FB6472,Michael Brown,Printer,4,"The quality could be better, but it's decent for the price.",2025-03-09 06:23:05
FB9905,Jane Smith,Printer,5,Disappointed. The product arrived damaged.,2025-02-09 06:23:05
FB9177,David Lee,Mouse,2,"Perfect for my needs, exactly what I was looking for.",2025-05-02 06:23:05
FB7147,Jane Smith,Smartphone,1,"Perfect for my needs, exactly what I was looking for.",2025-07-25 06:23:05
FB2633,John Doe,Keyboard,4,"Good product, but the delivery was late.",2025-03-23 06:23:05
FB7891,John Doe,Tablet,2,"The quality could be better, but it's decent for the price.",2025-02-14 06:23:05
FB4306,Sarah Wilson,Keyboard,2,"Good product, but the delivery was late.",2024-09-09 06:23:05
FB6293,Jane Smith,Camera,2,"Excellent product, really happy with the purchase!",2025-08-12 06:23:05
FB1116,Laura Clark,Smartphone,4,"Great value for money, very reliable.",2024-10-27 06:23:05
FB9685,Mark Johnson,Keyboard,3,"Excellent product, really happy with the purchase!",2025-05-16 06:23:05
FB9734,Emily Davis,Printer,4,"Excellent product, really happy with the purchase!",2025-05-12 06:23:05
FB7901,John Doe,Camera,2,"The quality could be better, but it's decent for the price.",2025-02-14 06:23:05
FB7699,Jane Smith,Camera,4,Disappointed. The product arrived damaged.,2025-07-22 06:23:05
FB7830,Mark Johnson,Tablet,1,Disappointed. The product arrived damaged.,2025-01-11 06:23:05
FB1358,Sarah Wilson,Laptop,3,"The product broke within a few weeks, not durable.",2025-02-22 06:23:05
FB6157,Michael Brown,Keyboard,2,"It works fine, but there are better options available.",2024-10-19 06:23:05
FB2340,Jane Smith,Printer,3,"Great customer service, the product exceeded expectations.",2025-05-24 06:23:05
FB5194,Mark Johnson,Smartphone,5,"Perfect for my needs, exactly what I was looking for.",2025-06-12 06:23:05
FB4857,Mark Johnson,Smartphone,1,"Perfect for my needs, exactly what I was looking for.",2024-12-21 06:23:05
FB7027,Michael Brown,Printer,4,Not satisfied with the product. Would not recommend.,2025-07-07 06:23:05
FB8223,James Taylor,Mouse,1,"The quality could be better, but it's decent for the price.",2025-03-20 06:23:05
FB9064,John Doe,Tablet,1,"Excellent product, really happy with the purchase!",2025-02-03 06:23:05
FB4911,Sarah Wilson,Printer,2,"The quality could be better, but it's decent for the price.",2024-10-22 06:23:05
FB6506,John Doe,Monitor,4,Disappointed. The product arrived damaged.,2025-07-19 06:23:05
FB9948,Michael Brown,Mouse,4,"Great customer service, the product exceeded expectations.",2025-08-04 06:23:05
FB5817,Sarah Wilson,Mouse,5,"The quality could be better, but it's decent for the price.",2025-07-26 06:23:05
FB8299,Emily Davis,Laptop,3,"It works fine, but there are better options available.",2025-03-22 06:23:05
FB7737,James Taylor,Monitor,5,"Great customer service, the product exceeded expectations.",2025-08-16 06:23:05
FB7520,Emily Davis,Tablet,3,"Good product, but the delivery was late.",2024-10-29 06:23:05
FB1815,Sophia Adams,Laptop,2,"It works fine, but there are better options available.",2024-10-23 06:23:05
FB1345,David Lee,Smartphone,5,"Good product, but the delivery was late.",2024-12-09 06:23:05
FB1975,Michael Brown,Smartwatch,3,"Great value for money, very reliable.",2025-03-31 06:23:05
FB3304,Sarah Wilson,Tablet,1,Not satisfied with the product. Would not recommend.,2025-01-25 06:23:05
FB9532,James Taylor,Monitor,5,"Great value for money, very reliable.",2025-05-18 06:23:05
FB4920,Sarah Wilson,Smartwatch,3,"Great value for money, very reliable.",2024-08-31 06:23:05
FB6336,James Taylor,Printer,1,"Excellent product, really happy with the purchase!",2024-10-30 06:23:05
FB7144,Sarah Wilson,Headphones,1,"Good product, but the delivery was late.",2025-04-08 06:23:05
FB4251,James Taylor,Laptop,2,"Excellent product, really happy with the purchase!",2025-04-26 06:23:05
FB7038,Emily Davis,Camera,1,"The quality could be better, but it's decent for the price.",2025-01-04 06:23:05
FB3772,Laura Clark,Monitor,4,"Great value for money, very reliable.",2024-11-10 06:23:05
FB2560,Laura Clark,Camera,4,"Great customer service, the product exceeded expectations.",2025-03-21 06:23:05
FB2029,Jane Smith,Tablet,3,"Great value for money, very reliable.",2025-05-07 06:23:05
FB2292,Sophia Adams,Mouse,1,"Excellent product, really happy with the purchase!",2025-04-19 06:23:05
FB8047,Emily Davis,Camera,2,"Great customer service, the product exceeded expectations.",2025-01-03 06:23:05
FB7228,Jane Smith,Smartwatch,4,"It works fine, but there are better options available.",2025-07-04 06:23:05
FB2432,James Taylor,Printer,5,"The quality could be better, but it's decent for the price.",2025-05-23 06:23:05
FB4213,Emily Davis,Smartwatch,4,Not satisfied with the product. Would not recommend.,2024-11-16 06:23:05
FB3661,Laura Clark,Laptop,4,"The quality could be better, but it's decent for the price.",2025-08-01 06:23:05
FB3350,Sarah Wilson,Keyboard,3,Disappointed. The product arrived damaged.,2024-10-10 06:23:05
FB7035,Laura Clark,Tablet,5,"The quality could be better, but it's decent for the price.",2025-01-12 06:23:05
FB8195,Michael Brown,Smartphone,2,"Great value for money, very reliable.",2025-04-07 06:23:05
FB3143,James Taylor,Headphones,1,Disappointed. The product arrived damaged.,2025-06-22 06:23:05
FB9501,Emily Davis,Laptop,3,"Perfect for my needs, exactly what I was looking for.",2025-06-01 06:23:05
FB8253,Mark Johnson,Printer,3,"It works fine, but there are better options available.",2025-08-02 06:23:05
FB3227,John Doe,Camera,3,Not satisfied with the product. Would not recommend.,2024-12-19 06:23:05
FB2552,David Lee,Monitor,1,Disappointed. The product arrived damaged.,2025-03-30 06:23:05
FB1255,David Lee,Keyboard,3,"The quality could be better, but it's decent for the price.",2025-06-03 06:23:05
FB8410,Jane Smith,Smartwatch,2,"Perfect for my needs, exactly what I was looking for.",2025-06-07 06:23:05
FB7786,Mark Johnson,Keyboard,1,"Excellent product, really happy with the purchase!",2024-11-23 06:23:05
FB7847,Sarah Wilson,Headphones,4,"Perfect for my needs, exactly what I was looking for.",2025-05-16 06:23:05
FB2729,James Taylor,Headphones,2,"The quality could be better, but it's decent for the price.",2025-05-23 06:23:05
FB4609,John Doe,Tablet,5,"It works fine, but there are better options available.",2025-05-16 06:23:05
FB2028,Sarah Wilson,Laptop,5,"Great value for money, very reliable.",2024-10-01 06:23:05
FB9499,James Taylor,Headphones,2,"Great value for money, very reliable.",2025-04-06 06:23:05
FB8177,Mark Johnson,Monitor,3,"The product broke within a few weeks, not durable.",2024-12-08 06:23:05
FB8267,James Taylor,Keyboard,3,Not satisfied with the product. Would not recommend.,2025-07-09 06:23:05
FB9257,Sophia Adams,Mouse,3,"It works fine, but there are better options available.",2024-09-25 06:23:05
FB9863,David Lee,Camera,3,"Perfect for my needs, exactly what I was looking for.",2024-09-14 06:23:05
FB4846,Michael Brown,Mouse,2,"Excellent product, really happy with the purchase!",2025-01-10 06:23:05
FB2481,Laura Clark,Mouse,4,"Great value for money, very reliable.",2024-09-30 06:23:05
FB4313,Sophia Adams,Smartphone,5,"Good product, but the delivery was late.",2025-08-14 06:23:05
FB5667,Michael Brown,Mouse,4,Not satisfied with the product. Would not recommend.,2025-04-17 06:23:05
FB1807,Michael Brown,Camera,3,"Perfect for my needs, exactly what I was looking for.",2025-08-07 06:23:05
FB9824,Emily Davis,Keyboard,4,Disappointed. The product arrived damaged.,2024-12-21 06:23:05
FB5563,James Taylor,Camera,1,"Great customer service, the product exceeded expectations.",2024-11-28 06:23:05
FB6290,Michael Brown,Headphones,4,"Great value for money, very reliable.",2024-08-18 06:23:05
FB7517,Sophia Adams,Mouse,3,"It works fine, but there are better options available.",2025-01-16 06:23:05
FB5048,David Lee,Headphones,4,"The product broke within a few weeks, not durable.",2025-06-13 06:23:05
FB4118,Sophia Adams,Keyboard,3,"Good product, but the delivery was late.",2024-12-08 06:23:05
FB7179,Emily Davis,Printer,2,Disappointed. The product arrived damaged.,2025-02-03 06:23:05
FB1974,David Lee,Laptop,4,"Good product, but the delivery was late.",2024-09-27 06:23:05
FB1665,Mark Johnson,Monitor,2,"It works fine, but there are better options available.",2025-05-23 06:23:05
FB6621,Michael Brown,Keyboard,3,"The quality could be better, but it's decent for the price.",2024-12-22 06:23:05
FB1237,Jane Smith,Camera,1,"The product broke within a few weeks, not durable.",2025-02-13 06:23:05
FB9342,Michael Brown,Headphones,1,"Perfect for my needs, exactly what I was looking for.",2024-10-08 06:23:05
FB2732,James Taylor,Mouse,3,"Perfect for my needs, exactly what I was looking for.",2024-10-19 06:23:05
FB2861,Michael Brown,Monitor,1,"It works fine, but there are better options available.",2025-04-11 06:23:05
FB3136,John Doe,Tablet,5,Not satisfied with the product. Would not recommend.,2025-03-01 06:23:05
FB4770,James Taylor,Smartphone,3,"The product broke within a few weeks, not durable.",2025-02-13 06:23:05
FB9906,John Doe,Smartwatch,1,"The quality could be better, but it's decent for the price.",2025-01-01 06:23:05
FB6816,Michael Brown,Tablet,1,"Good product, but the delivery was late.",2025-03-10 06:23:05
FB1979,Laura Clark,Printer,5,"Great customer service, the product exceeded expectations.",2025-04-15 06:23:05
FB2915,Emily Davis,Tablet,2,"Perfect for my needs, exactly what I was looking for.",2024-09-08 06:23:05
FB7290,Laura Clark,Laptop,2,Disappointed. The product arrived damaged.,2025-02-12 06:23:05
FB5514,David Lee,Smartwatch,1,"The product broke within a few weeks, not durable.",2025-04-13 06:23:05
FB5079,Emily Davis,Monitor,1,"The product broke within a few weeks, not durable.",2024-10-09 06:23:05
FB8896,Sophia Adams,Monitor,4,"Good product, but the delivery was late.",2025-07-11 06:23:05
FB2504,Sophia Adams,Keyboard,1,"Good product, but the delivery was late.",2024-10-04 06:23:05
FB4842,David Lee,Mouse,1,"It works fine, but there are better options available.",2024-11-07 06:23:05
FB7167,Mark Johnson,Printer,1,"Good product, but the delivery was late.",2024-11-29 06:23:05
FB2797,Jane Smith,Laptop,1,"Perfect for my needs, exactly what I was looking for.",2025-06-08 06:23:05
FB2078,Laura Clark,Headphones,1,"Great customer service, the product exceeded expectations.",2024-09-25 06:23:05
FB3771,John Doe,Smartwatch,3,Disappointed. The product arrived damaged.,2025-02-23 06:23:05
FB5322,Laura Clark,Smartphone,4,"Great value for money, very reliable.",2025-06-02 06:23:05
FB6776,Laura Clark,Laptop,2,"It works fine, but there are better options available.",2025-02-14 06:23:05
FB2707,Michael Brown,Laptop,4,"It works fine, but there are better options available.",2025-05-25 06:23:05
FB7443,John Doe,Smartwatch,3,"Great customer service, the product exceeded expectations.",2025-07-02 06:23:05
FB2538,John Doe,Monitor,2,"Perfect for my needs, exactly what I was looking for.",2024-09-28 06:23:05
FB5904,David Lee,Headphones,2,Not satisfied with the product. Would not recommend.,2024-12-07 06:23:05
FB3932,Laura Clark,Laptop,2,"It works fine, but there are better options available.",2025-02-05 06:23:05
FB9657,John Doe,Smartwatch,2,"The product broke within a few weeks, not durable.",2025-08-11 06:23:05
FB7461,Mark Johnson,Smartphone,3,"Great customer service, the product exceeded expectations.",2025-05-23 06:23:05
FB9004,James Taylor,Keyboard,5,"Perfect for my needs, exactly what I was looking for.",2025-07-19 06:23:05
FB4516,James Taylor,Laptop,1,"The product broke within a few weeks, not durable.",2025-03-23 06:23:05
FB2096,David Lee,Smartwatch,5,"Excellent product, really happy with the purchase!",2025-02-28 06:23:05
FB4102,Emily Davis,Mouse,2,"Good product, but the delivery was late.",2024-11-21 06:23:05
FB2464,Sarah Wilson,Keyboard,2,"It works fine, but there are better options available.",2024-10-27 06:23:05
FB1884,Mark Johnson,Mouse,5,"It works fine, but there are better options available.",2025-06-20 06:23:05
FB3175,Emily Davis,Camera,4,"Great customer service, the product exceeded expectations.",2024-10-28 06:23:05
FB4656,Emily Davis,Smartwatch,1,"The quality could be better, but it's decent for the price.",2024-09-07 06:23:05
FB8445,Sophia Adams,Monitor,1,Disappointed. The product arrived damaged.,2025-03-03 06:23:05
FB8586,David Lee,Smartwatch,2,Not satisfied with the product. Would not recommend.,2024-09-17 06:23:05
FB3731,Michael Brown,Printer,4,"It works fine, but there are better options available.",2025-02-04 06:23:05
FB2778,Laura Clark,Keyboard,2,"Excellent product, really happy with the purchase!",2024-09-25 06:23:05
FB4440,James Taylor,Smartphone,4,"The product broke within a few weeks, not durable.",2025-08-13 06:23:05
FB7537,John Doe,Laptop,2,Not satisfied with the product. Would not recommend.,2025-03-30 06:23:05
FB7599,David Lee,Monitor,4,"The product broke within a few weeks, not durable.",2024-09-02 06:23:05
FB1325,Sophia Adams,Smartphone,1,Disappointed. The product arrived damaged.,2025-04-20 06:23:05
FB3866,Michael Brown,Smartwatch,4,"Good product, but the delivery was late.",2024-10-26 06:23:05
FB3199,Laura Clark,Monitor,5,"Excellent product, really happy with the purchase!",2025-07-12 06:23:05
FB6378,Mark Johnson,Printer,3,"The product broke within a few weeks, not durable.",2024-12-17 06:23:05
FB1250,Mark Johnson,Smartphone,3,"It works fine, but there are better options available.",2024-11-12 06:23:05
FB5708,Laura Clark,Mouse,2,"Great value for money, very reliable.",2024-12-30 06:23:05
FB5154,Michael Brown,Monitor,4,"Great customer service, the product exceeded expectations.",2025-07-04 06:23:05
FB1580,Mark Johnson,Tablet,4,"Excellent product, really happy with the purchase!",2025-01-22 06:23:05
FB1373,Emily Davis,Laptop,5,"The quality could be better, but it's decent for the price.",2024-12-02 06:23:05
FB4606,James Taylor,Laptop,3,"It works fine, but there are better options available.",2025-06-14 06:23:05
FB3839,Sarah Wilson,Mouse,1,Disappointed. The product arrived damaged.,2025-06-13 06:23:05
FB4439,Michael Brown,Smartphone,3,"The product broke within a few weeks, not durable.",2024-09-10 06:23:05
FB7178,David Lee,Camera,5,"The product broke within a few weeks, not durable.",2025-03-25 06:23:05
FB2691,Michael Brown,Camera,5,"It works fine, but there are better options available.",2025-04-02 06:23:05
FB1405,Michael Brown,Mouse,3,"The product broke within a few weeks, not durable.",2025-02-03 06:23:05
FB6795,Sarah Wilson,Keyboard,4,"It works fine, but there are better options available.",2024-11-13 06:23:05
FB4476,Emily Davis,Smartphone,3,"The quality could be better, but it's decent for the price.",2024-10-17 06:23:05
FB2915,Laura Clark,Laptop,3,"The quality could be better, but it's decent for the price.",2024-11-09 06:23:05
FB9401,Laura Clark,Mouse,4,"It works fine, but there are better options available.",2025-01-15 06:23:05
FB1686,David Lee,Laptop,2,"Good product, but the delivery was late.",2025-06-25 06:23:05
FB6298,David Lee,Smartwatch,3,"The product broke within a few weeks, not durable.",2025-02-14 06:23:05
FB7984,Jane Smith,Headphones,4,"The product broke within a few weeks, not durable.",2025-05-27 06:23:05
FB1235,Mark Johnson,Keyboard,1,"Good product, but the delivery was late.",2024-08-27 06:23:05
FB1568,Laura Clark,Monitor,5,"It works fine, but there are better options available.",2025-01-14 06:23:05
FB6059,Laura Clark,Laptop,3,"Perfect for my needs, exactly what I was looking for.",2025-05-20 06:23:05
FB5518,Sarah Wilson,Keyboard,1,"The quality could be better, but it's decent for the price.",2025-02-01 06:23:05
FB3434,John Doe,Tablet,2,"Good product, but the delivery was late.",2025-02-26 06:23:05
FB3439,Sophia Adams,Monitor,4,"It works fine, but there are better options available.",2024-08-28 06:23:05
FB7271,Emily Davis,Headphones,1,"The product broke within a few weeks, not durable.",2024-08-22 06:23:05
FB1594,Michael Brown,Tablet,1,"Great customer service, the product exceeded expectations.",2024-11-11 06:23:05
FB1795,Jane Smith,Keyboard,1,"Great value for money, very reliable.",2025-04-14 06:23:05
FB8757,Emily Davis,Laptop,4,Disappointed. The product arrived damaged.,2024-08-31 06:23:05
FB8521,Emily Davis,Tablet,5,"The product broke within a few weeks, not durable.",2024-09-05 06:23:05
FB2181,John Doe,Tablet,1,"Great value for money, very reliable.",2025-07-26 06:23:05
FB9891,Michael Brown,Keyboard,1,"Great customer service, the product exceeded expectations.",2025-03-03 06:23:05
FB4216,Michael Brown,Keyboard,4,"Good product, but the delivery was late.",2025-03-16 06:23:05
FB1520,Jane Smith,Smartwatch,1,Not satisfied with the product. Would not recommend.,2024-11-29 06:23:05
FB8832,Sarah Wilson,Mouse,3,"The product broke within a few weeks, not durable.",2024-10-18 06:23:05
FB9935,Michael Brown,Tablet,2,"Good product, but the delivery was late.",2025-03-31 06:23:05
FB8872,Emily Davis,Smartphone,5,Not satisfied with the product. Would not recommend.,2025-04-22 06:23:05
FB4565,Michael Brown,Laptop,5,"Great value for money, very reliable.",2025-01-25 06:23:05
FB7348,Sarah Wilson,Monitor,2,"The quality could be better, but it's decent for the price.",2024-12-20 06:23:05
FB6890,James Taylor,Tablet,4,"Excellent product, really happy with the purchase!",2024-10-20 06:23:05
FB4613,Sarah Wilson,Tablet,3,Disappointed. The product arrived damaged.,2024-11-10 06:23:05
FB4102,Sarah Wilson,Camera,3,"The quality could be better, but it's decent for the price.",2025-04-06 06:23:05
FB9807,Sarah Wilson,Keyboard,4,"It works fine, but there are better options available.",2025-01-26 06:23:05
FB9277,Michael Brown,Camera,3,"Perfect for my needs, exactly what I was looking for.",2025-03-09 06:23:05
FB3528,Laura Clark,Laptop,2,Not satisfied with the product. Would not recommend.,2025-04-13 06:23:05
FB2350,Michael Brown,Keyboard,3,"Perfect for my needs, exactly what I was looking for.",2025-06-30 06:23:05
FB5403,David Lee,Keyboard,1,"Good product, but the delivery was late.",2025-01-24 06:23:05
FB9224,Michael Brown,Headphones,4,"The product broke within a few weeks, not durable.",2025-05-31 06:23:05
FB4050,Sophia Adams,Camera,5,"Great customer service, the product exceeded expectations.",2025-07-31 06:23:05
FB4702,Laura Clark,Keyboard,4,"Great value for money, very reliable.",2025-06-16 06:23:05
FB4089,Sarah Wilson,Smartwatch,1,"It works fine, but there are better options available.",2025-05-16 06:23:05
FB1336,Michael Brown,Camera,4,"Great customer service, the product exceeded expectations.",2024-09-27 06:23:05
FB9652,Sarah Wilson,Smartphone,1,"Great value for money, very reliable.",2024-08-22 06:23:05
FB5380,Mark Johnson,Headphones,4,"Excellent product, really happy with the purchase!",2024-11-24 06:23:05
FB9970,Mark Johnson,Laptop,1,"Great customer service, the product exceeded expectations.",2025-07-07 06:23:05
FB9346,Jane Smith,Printer,3,"It works fine, but there are better options available.",2025-04-01 06:23:05
FB4193,James Taylor,Tablet,2,"The quality could be better, but it's decent for the price.",2024-11-04 06:23:05
FB1286,Jane Smith,Monitor,3,"The product broke within a few weeks, not durable.",2024-11-19 06:23:05
FB5337,John Doe,Tablet,5,"The quality could be better, but it's decent for the price.",2025-07-31 06:23:05
FB3355,Jane Smith,Mouse,3,Not satisfied with the product. Would not recommend.,2025-01-26 06:23:05
FB3022,David Lee,Tablet,2,"Good product, but the delivery was late.",2025-01-04 06:23:05
FB7873,Emily Davis,Keyboard,3,"Excellent product, really happy with the purchase!",2024-10-24 06:23:05
FB8489,Sophia Adams,Mouse,1,"Perfect for my needs, exactly what I was looking for.",2024-10-11 06:23:05
FB1887,Mark Johnson,Tablet,4,"Perfect for my needs, exactly what I was looking for.",2025-07-09 06:23:05
FB8893,Laura Clark,Headphones,2,Disappointed. The product arrived damaged.,2024-09-26 06:23:05
FB6054,Laura Clark,Monitor,2,"The quality could be better, but it's decent for the price.",2024-11-06 06:23:05
FB3363,Emily Davis,Smartwatch,2,"Excellent product, really happy with the purchase!",2025-04-03 06:23:05
FB7750,Emily Davis,Laptop,2,"It works fine, but there are better options available.",2025-05-13 06:23:05
FB9445,Michael Brown,Tablet,5,"Perfect for my needs, exactly what I was looking for.",2024-11-05 06:23:05
FB6215,Sarah Wilson,Monitor,2,"It works fine, but there are better options available.",2025-01-11 06:23:05
FB3920,Sophia Adams,Tablet,3,"Excellent product, really happy with the purchase!",2025-05-30 06:23:05
FB9227,Michael Brown,Headphones,4,Not satisfied with the product. Would not recommend.,2025-04-22 06:23:05
FB3545,Sarah Wilson,Laptop,3,Not satisfied with the product. Would not recommend.,2024-09-03 06:23:05
FB9602,Jane Smith,Keyboard,1,Not satisfied with the product. Would not recommend.,2024-09-10 06:23:05
FB9589,David Lee,Monitor,2,Disappointed. The product arrived damaged.,2025-08-09 06:23:05
FB6887,John Doe,Laptop,2,"Excellent product, really happy with the purchase!",2025-07-17 06:23:05
FB1908,David Lee,Camera,4,"Great value for money, very reliable.",2025-04-15 06:23:05
FB2912,Jane Smith,Smartphone,3,"Excellent product, really happy with the purchase!",2025-07-20 06:23:05
FB2601,Sarah Wilson,Laptop,2,"It works fine, but there are better options available.",2025-08-03 06:23:05
FB3091,James Taylor,Headphones,2,Disappointed. The product arrived damaged.,2024-09-09 06:23:05
FB5591,Mark Johnson,Keyboard,2,"The quality could be better, but it's decent for the price.",2025-02-04 06:23:05
FB3658,Sarah Wilson,Smartphone,1,"It works fine, but there are better options available.",2024-08-31 06:23:05
FB7600,Laura Clark,Smartphone,1,"Great value for money, very reliable.",2025-02-25 06:23:05
FB1182,Mark Johnson,Smartphone,2,Disappointed. The product arrived damaged.,2025-05-29 06:23:05
FB6650,Sophia Adams,Tablet,1,"The quality could be better, but it's decent for the price.",2024-12-03 06:23:05
FB6155,Sarah Wilson,Monitor,1,Disappointed. The product arrived damaged.,2025-01-24 06:23:05
FB9468,Emily Davis,Printer,5,"Good product, but the delivery was late.",2025-06-13 06:23:05
FB4918,John Doe,Mouse,2,"Good product, but the delivery was late.",2024-11-03 06:23:05
FB7431,Sarah Wilson,Smartwatch,4,"The product broke within a few weeks, not durable.",2024-08-18 06:23:05
FB6588,Mark Johnson,Smartphone,4,"Perfect for my needs, exactly what I was looking for.",2024-11-29 06:23:05
FB4992,Sophia Adams,Monitor,3,Not satisfied with the product. Would not recommend.,2025-04-27 06:23:05
FB7720,Jane Smith,Headphones,4,"Great customer service, the product exceeded expectations.",2025-08-13 06:23:05
FB5491,Emily Davis,Smartphone,5,"Great customer service, the product exceeded expectations.",2024-09-30 06:23:05
FB8586,Jane Smith,Headphones,4,"The quality could be better, but it's decent for the price.",2025-04-24 06:23:05
FB1952,John Doe,Laptop,5,"The product broke within a few weeks, not durable.",2024-09-14 06:23:05
FB1841,Mark Johnson,Keyboard,4,"Excellent product, really happy with the purchase!",2025-08-05 06:23:05
FB3592,Sophia Adams,Smartwatch,5,"Perfect for my needs, exactly what I was looking for.",2025-06-05 06:23:05
FB3239,James Taylor,Mouse,2,"It works fine, but there are better options available.",2024-10-07 06:23:05
FB7307,Mark Johnson,Keyboard,4,"The quality could be better, but it's decent for the price.",2024-12-16 06:23:05
FB9983,Michael Brown,Smartphone,1,"The product broke within a few weeks, not durable.",2024-12-26 06:23:05
FB1291,David Lee,Laptop,5,"Good product, but the delivery was late.",2024-12-16 06:23:05
FB6162,David Lee,Smartphone,4,Not satisfied with the product. Would not recommend.,2024-09-29 06:23:05
FB3866,Mark Johnson,Smartphone,1,"The product broke within a few weeks, not durable.",2025-02-28 06:23:05
FB5912,James Taylor,Keyboard,5,Not satisfied with the product. Would not recommend.,2025-07-08 06:23:05
FB4108,Emily Davis,Tablet,3,"Great customer service, the product exceeded expectations.",2024-12-21 06:23:05
FB8897,Michael Brown,Keyboard,3,"The product broke within a few weeks, not durable.",2025-05-21 06:23:05
FB1216,David Lee,Keyboard,2,"The quality could be better, but it's decent for the price.",2025-05-14 06:23:05
FB9735,Michael Brown,Tablet,5,Not satisfied with the product. Would not recommend.,2024-11-23 06:23:05
FB2097,John Doe,Mouse,3,"It works fine, but there are better options available.",2025-05-07 06:23:05
FB3614,Laura Clark,Printer,3,"Great customer service, the product exceeded expectations.",2024-12-26 06:23:05
FB1142,Jane Smith,Printer,4,"The product broke within a few weeks, not durable.",2024-09-04 06:23:05
FB9891,Sophia Adams,Monitor,4,"The product broke within a few weeks, not durable.",2025-03-19 06:23:05
FB7316,Sophia Adams,Mouse,5,"Great customer service, the product exceeded expectations.",2025-05-03 06:23:05
FB7461,Michael Brown,Monitor,5,"Good product, but the delivery was late.",2024-12-09 06:23:05
FB2672,Michael Brown,Keyboard,4,"Great value for money, very reliable.",2025-06-05 06:23:05
FB9924,Mark Johnson,Camera,5,"Perfect for my needs, exactly what I was looking for.",2025-05-25 06:23:05
FB4634,Emily Davis,Headphones,5,"Excellent product, really happy with the purchase!",2024-10-20 06:23:05
FB7016,Emily Davis,Headphones,1,"Perfect for my needs, exactly what I was looking for.",2025-01-11 06:23:05
FB4785,Emily Davis,Headphones,2,"The quality could be better, but it's decent for the price.",2024-08-21 06:23:05
FB5305,Jane Smith,Smartwatch,2,"It works fine, but there are better options available.",2024-09-19 06:23:05
FB8495,Jane Smith,Camera,3,"It works fine, but there are better options available.",2025-05-13 06:23:05
FB4137,Emily Davis,Laptop,2,"The quality could be better, but it's decent for the price.",2025-04-19 06:23:05
FB1327,Mark Johnson,Printer,1,"Great customer service, the product exceeded expectations.",2024-11-17 06:23:05
FB5327,David Lee,Tablet,2,"The product broke within a few weeks, not durable.",2024-12-29 06:23:05
FB6025,Emily Davis,Keyboard,2,"Good product, but the delivery was late.",2024-09-15 06:23:05
FB6858,James Taylor,Keyboard,5,"Great customer service, the product exceeded expectations.",2025-03-27 06:23:05
FB8143,Jane Smith,Keyboard,1,"It works fine, but there are better options available.",2025-04-10 06:23:05
FB2680,James Taylor,Headphones,3,"The product broke within a few weeks, not durable.",2024-09-18 06:23:05
FB3800,Michael Brown,Camera,3,"Excellent product, really happy with the purchase!",2024-10-30 06:23:05
FB1028,Sophia Adams,Monitor,2,"Great customer service, the product exceeded expectations.",2025-07-10 06:23:05
FB1603,Sarah Wilson,Smartphone,5,"Good product, but the delivery was late.",2024-11-18 06:23:05
FB1978,John Doe,Headphones,2,"The quality could be better, but it's decent for the price.",2024-10-21 06:23:05
FB4137,Michael Brown,Monitor,1,"The product broke within a few weeks, not durable.",2025-01-27 06:23:05
FB6832,James Taylor,Keyboard,3,"It works fine, but there are better options available.",2025-04-25 06:23:05
FB9357,Laura Clark,Mouse,2,Not satisfied with the product. Would not recommend.,2025-04-05 06:23:05
FB2581,Jane Smith,Camera,3,"The quality could be better, but it's decent for the price.",2024-12-11 06:23:05
FB7922,Jane Smith,Laptop,1,Disappointed. The product arrived damaged.,2025-06-04 06:23:05
FB5557,Emily Davis,Smartphone,3,"Good product, but the delivery was late.",2025-06-01 06:23:05
FB7059,James Taylor,Mouse,1,Not satisfied with the product. Would not recommend.,2025-04-02 06:23:05
FB7345,Emily Davis,Smartwatch,4,"Perfect for my needs, exactly what I was looking for.",2025-07-13 06:23:05
FB9119,Sophia Adams,Keyboard,2,"The product broke within a few weeks, not durable.",2025-03-22 06:23:05
FB3589,Mark Johnson,Camera,2,Not satisfied with the product. Would not recommend.,2024-10-20 06:23:05
FB8015,Michael Brown,Mouse,4,"Great customer service, the product exceeded expectations.",2024-08-27 06:23:05
FB3074,David Lee,Smartwatch,2,"Perfect for my needs, exactly what I was looking for.",2025-02-21 06:23:05
FB6298,Sophia Adams,Smartwatch,4,"The product broke within a few weeks, not durable.",2024-08-20 06:23:05
FB7386,Mark Johnson,Camera,1,"Great customer service, the product exceeded expectations.",2025-05-30 06:23:05
FB7893,Mark Johnson,Printer,3,"The product broke within a few weeks, not durable.",2024-12-02 06:23:05
FB9158,Jane Smith,Printer,5,"Good product, but the delivery was late.",2024-11-07 06:23:05
FB5722,Mark Johnson,Monitor,2,"Perfect for my needs, exactly what I was looking for.",2025-04-10 06:23:05
FB4626,Mark Johnson,Tablet,1,"It works fine, but there are better options available.",2024-10-04 06:23:05
FB5512,Michael Brown,Mouse,2,"Great customer service, the product exceeded expectations.",2025-06-30 06:23:05
FB1301,James Taylor,Keyboard,5,"Great value for money, very reliable.",2024-08-28 06:23:05
FB1799,Jane Smith,Smartwatch,4,Not satisfied with the product. Would not recommend.,2025-03-12 06:23:05
FB4747,James Taylor,Printer,3,"Perfect for my needs, exactly what I was looking for.",2024-12-18 06:23:05
FB8679,Emily Davis,Mouse,1,"It works fine, but there are better options available.",2024-11-20 06:23:05
FB6566,Emily Davis,Smartphone,4,"Perfect for my needs, exactly what I was looking for.",2025-05-22 06:23:05
FB7832,Mark Johnson,Smartwatch,3,"Great customer service, the product exceeded expectations.",2024-10-05 06:23:05
FB1072,Michael Brown,Keyboard,2,"Great customer service, the product exceeded expectations.",2025-02-21 06:23:05
FB7800,Laura Clark,Monitor,5,"Good product, but the delivery was late.",2024-11-20 06:23:05
FB9021,Sarah Wilson,Mouse,2,Not satisfied with the product. Would not recommend.,2024-08-30 06:23:05
FB1454,Sarah Wilson,Mouse,1,Disappointed. The product arrived damaged.,2024-12-04 06:23:05
FB7108,Mark Johnson,Monitor,5,"Perfect for my needs, exactly what I was looking for.",2024-12-30 06:23:05
FB8780,James Taylor,Laptop,5,"Good product, but the delivery was late.",2024-08-18 06:23:05
FB8140,David Lee,Tablet,2,"Perfect for my needs, exactly what I was looking for.",2024-11-11 06:23:05
FB2783,David Lee,Headphones,5,"The product broke within a few weeks, not durable.",2025-05-30 06:23:05
FB2046,Mark Johnson,Tablet,1,"Great customer service, the product exceeded expectations.",2025-06-22 06:23:05
FB9916,Jane Smith,Smartwatch,3,Disappointed. The product arrived damaged.,2025-02-13 06:23:05
FB1781,Sarah Wilson,Smartwatch,3,Disappointed. The product arrived damaged.,2025-02-28 06:23:05
FB7749,Sophia Adams,Smartwatch,4,Not satisfied with the product. Would not recommend.,2025-05-21 06:23:05
FB8997,Emily Davis,Headphones,1,"Perfect for my needs, exactly what I was looking for.",2024-10-21 06:23:05
FB8498,Michael Brown,Mouse,1,"Good product, but the delivery was late.",2025-06-03 06:23:05
FB1290,Laura Clark,Keyboard,1,"It works fine, but there are better options available.",2025-08-08 06:23:05
FB9546,Michael Brown,Headphones,1,Not satisfied with the product. Would not recommend.,2025-01-10 06:23:05
FB5090,Laura Clark,Monitor,5,"The quality could be better, but it's decent for the price.",2025-04-21 06:23:05
FB9580,Laura Clark,Monitor,1,"Good product, but the delivery was late.",2024-09-27 06:23:05
FB7324,Emily Davis,Laptop,4,"It works fine, but there are better options available.",2025-06-01 06:23:05
FB2741,James Taylor,Printer,3,"The quality could be better, but it's decent for the price.",2025-07-12 06:23:05
FB6678,John Doe,Printer,3,Disappointed. The product arrived damaged.,2024-09-08 06:23:05
FB7872,Sophia Adams,Laptop,3,"Great customer service, the product exceeded expectations.",2025-04-16 06:23:05
FB1947,Michael Brown,Smartphone,4,"Great customer service, the product exceeded expectations.",2025-03-26 06:23:05
FB4056,James Taylor,Monitor,1,"Perfect for my needs, exactly what I was looking for.",2025-08-17 06:23:05
FB1655,James Taylor,Smartwatch,3,"Great value for money, very reliable.",2024-11-27 06:23:05
FB2028,Sarah Wilson,Printer,2,"The product broke within a few weeks, not durable.",2025-06-26 06:23:05
FB5854,John Doe,Mouse,1,"It works fine, but there are better options available.",2024-11-06 06:23:05
FB4532,Laura Clark,Camera,1,"The quality could be better, but it's decent for the price.",2024-11-25 06:23:05
FB5107,Michael Brown,Tablet,4,"The quality could be better, but it's decent for the price.",2025-02-18 06:23:05
FB2357,James Taylor,Smartwatch,3,"The product broke within a few weeks, not durable.",2025-03-09 06:23:05
FB5881,Mark Johnson,Smartwatch,4,Disappointed. The product arrived damaged.,2025-03-30 06:23:05
FB8040,James Taylor,Smartphone,1,Disappointed. The product arrived damaged.,2025-08-08 06:23:05
FB4719,James Taylor,Smartphone,2,"It works fine, but there are better options available.",2025-05-14 06:23:05
FB7433,David Lee,Keyboard,2,"Good product, but the delivery was late.",2025-04-11 06:23:05
FB4098,Sarah Wilson,Smartwatch,2,Not satisfied with the product. Would not recommend.,2025-06-24 06:23:05
FB9713,Sophia Adams,Smartphone,4,Not satisfied with the product. Would not recommend.,2025-07-15 06:23:05
FB2920,Mark Johnson,Camera,2,"Perfect for my needs, exactly what I was looking for.",2025-02-13 06:23:05
FB1582,David Lee,Laptop,1,"It works fine, but there are better options available.",2025-03-02 06:23:05
FB9538,Jane Smith,Printer,4,"Good product, but the delivery was late.",2025-07-14 06:23:05
FB9437,Jane Smith,Camera,5,"Perfect for my needs, exactly what I was looking for.",2024-10-01 06:23:05
FB6706,Jane Smith,Smartphone,2,"It works fine, but there are better options available.",2025-04-28 06:23:05
FB7378,Jane Smith,Laptop,5,"Great value for money, very reliable.",2025-01-22 06:23:05
FB1465,Sophia Adams,Mouse,5,Not satisfied with the product. Would not recommend.,2025-06-11 06:23:05
FB2295,David Lee,Camera,3,"The product broke within a few weeks, not durable.",2025-01-05 06:23:05
FB7803,Laura Clark,Smartphone,1,Disappointed. The product arrived damaged.,2025-03-19 06:23:05
FB5665,James Taylor,Mouse,2,"Excellent product, really happy with the purchase!",2025-04-17 06:23:05
FB1030,Mark Johnson,Headphones,1,"Great value for money, very reliable.",2025-01-27 06:23:05
FB7069,Michael Brown,Keyboard,5,"It works fine, but there are better options available.",2025-06-06 06:23:05
FB6649,John Doe,Mouse,2,"Perfect for my needs, exactly what I was looking for.",2024-10-25 06:23:05
FB4256,Sarah Wilson,Monitor,5,"Great customer service, the product exceeded expectations.",2025-05-31 06:23:05
FB2683,James Taylor,Laptop,3,"Good product, but the delivery was late.",2025-05-06 06:23:05
FB8775,Laura Clark,Camera,5,"It works fine, but there are better options available.",2024-11-24 06:23:05
FB5853,Mark Johnson,Camera,5,"Perfect for my needs, exactly what I was looking for.",2025-01-10 06:23:05
FB8445,Laura Clark,Keyboard,4,"The product broke within a few weeks, not durable.",2025-07-07 06:23:05
FB6213,Mark Johnson,Smartphone,4,Disappointed. The product arrived damaged.,2024-08-27 06:23:05
FB3191,Laura Clark,Keyboard,5,"It works fine, but there are better options available.",2025-03-14 06:23:05
FB2990,Mark Johnson,Camera,2,Not satisfied with the product. Would not recommend.,2024-10-04 06:23:05
FB9559,John Doe,Camera,1,"Great customer service, the product exceeded expectations.",2025-07-28 06:23:05
FB2509,Mark Johnson,Laptop,3,"The product broke within a few weeks, not durable.",2025-01-27 06:23:05
FB7555,Mark Johnson,Camera,5,Disappointed. The product arrived damaged.,2025-04-25 06:23:05
FB6346,James Taylor,Smartwatch,5,"It works fine, but there are better options available.",2025-08-15 06:23:05
FB1685,John Doe,Laptop,5,"Great value for money, very reliable.",2024-09-08 06:23:05
FB9625,Michael Brown,Smartphone,3,"Great customer service, the product exceeded expectations.",2025-05-19 06:23:05
FB2209,Jane Smith,Tablet,4,"Perfect for my needs, exactly what I was looking for.",2025-02-04 06:23:05
FB9230,John Doe,Mouse,3,"The product broke within a few weeks, not durable.",2024-10-18 06:23:05
FB6744,Mark Johnson,Smartwatch,5,Not satisfied with the product. Would not recommend.,2025-02-26 06:23:05
FB5660,John Doe,Printer,2,"It works fine, but there are better options available.",2025-03-10 06:23:05
FB5211,James Taylor,Mouse,5,Not satisfied with the product. Would not recommend.,2024-10-25 06:23:05
FB9106,Jane Smith,Headphones,4,"Great value for money, very reliable.",2024-10-17 06:23:05
FB8817,Emily Davis,Camera,4,"Great value for money, very reliable.",2024-09-20 06:23:05
FB1770,Michael Brown,Printer,1,"The quality could be better, but it's decent for the price.",2025-01-01 06:23:05
FB9921,Laura Clark,Headphones,4,Not satisfied with the product. Would not recommend.,2024-11-19 06:23:05
FB1140,Laura Clark,Smartwatch,2,"The quality could be better, but it's decent for the price.",2024-11-27 06:23:05
FB7422,David Lee,Smartphone,5,"Good product, but the delivery was late.",2024-12-25 06:23:05
FB3517,Sarah Wilson,Smartphone,5,"It works fine, but there are better options available.",2025-01-08 06:23:05
